-- XHS365 Seed Data

INSERT INTO rbac_roles (id, role_name, display_name, description, data_scope, is_system) VALUES
('a0000000-0000-0000-0000-000000000001', 'super_admin', '超级管理员', '拥有全部权限', 'all', TRUE),
('a0000000-0000-0000-0000-000000000002', 'admin', '管理员', '运营管理权限', 'all', TRUE),
('a0000000-0000-0000-0000-000000000003', 'operator', '运营', '日常运营操作', 'all', FALSE),
('a0000000-0000-0000-0000-000000000004', 'user', '普通用户', '基础用户权限', 'self', TRUE);

INSERT INTO rbac_permissions (id, permission_key, permission_name, module, action) VALUES
('b0000000-0000-0000-0000-000000000001', 'user:read', '查看用户', 'user', 'read'),
('b0000000-0000-0000-0000-000000000002', 'user:write', '编辑用户', 'user', 'write'),
('b0000000-0000-0000-0000-000000000003', 'user:delete', '删除用户', 'user', 'delete'),
('b0000000-0000-0000-0000-000000000010', 'license:read', '查看授权码', 'license', 'read'),
('b0000000-0000-0000-0000-000000000011', 'license:write', '生成授权码', 'license', 'write'),
('b0000000-0000-0000-0000-000000000012', 'license:revoke', '吊销授权码', 'license', 'revoke'),
('b0000000-0000-0000-0000-000000000020', 'collect:read', '查看采集任务', 'collect', 'read'),
('b0000000-0000-0000-0000-000000000021', 'collect:write', '管理采集任务', 'collect', 'write'),
('b0000000-0000-0000-0000-000000000022', 'collect:cancel', '取消采集任务', 'collect', 'cancel'),
('b0000000-0000-0000-0000-000000000030', 'proxy:read', '查看代理池', 'proxy', 'read'),
('b0000000-0000-0000-0000-000000000031', 'proxy:write', '管理代理池', 'proxy', 'write'),
('b0000000-0000-0000-0000-000000000040', 'risk:read', '查看风控事件', 'risk', 'read'),
('b0000000-0000-0000-0000-000000000041', 'risk:handle', '处理风控事件', 'risk', 'handle'),
('b0000000-0000-0000-0000-000000000050', 'report:read', '查看报告', 'report', 'read'),
('b0000000-0000-0000-0000-000000000051', 'report:write', '管理报告', 'report', 'write'),
('b0000000-0000-0000-0000-000000000060', 'system:config', '系统配置', 'system', 'config'),
('b0000000-0000-0000-0000-000000000061', 'system:logs', '查看日志', 'system', 'read');

INSERT INTO rbac_role_permissions (role_id, permission_id) VALUES
('a0000000-0000-0000-0000-000000000001', 'b0000000-0000-0000-0000-000000000001'),
('a0000000-0000-0000-0000-000000000001', 'b0000000-0000-0000-0000-000000000002'),
('a0000000-0000-0000-0000-000000000001', 'b0000000-0000-0000-0000-000000000003'),
('a0000000-0000-0000-0000-000000000001', 'b0000000-0000-0000-0000-000000000010'),
('a0000000-0000-0000-0000-000000000001', 'b0000000-0000-0000-0000-000000000011'),
('a0000000-0000-0000-0000-000000000001', 'b0000000-0000-0000-0000-000000000012'),
('a0000000-0000-0000-0000-000000000001', 'b0000000-0000-0000-0000-000000000020'),
('a0000000-0000-0000-0000-000000000001', 'b0000000-0000-0000-0000-000000000021'),
('a0000000-0000-0000-0000-000000000001', 'b0000000-0000-0000-0000-000000000022'),
('a0000000-0000-0000-0000-000000000001', 'b0000000-0000-0000-0000-000000000030'),
('a0000000-0000-0000-0000-000000000001', 'b0000000-0000-0000-0000-000000000031'),
('a0000000-0000-0000-0000-000000000001', 'b0000000-0000-0000-0000-000000000040'),
('a0000000-0000-0000-0000-000000000001', 'b0000000-0000-0000-0000-000000000041'),
('a0000000-0000-0000-0000-000000000001', 'b0000000-0000-0000-0000-000000000050'),
('a0000000-0000-0000-0000-000000000001', 'b0000000-0000-0000-0000-000000000051'),
('a0000000-0000-0000-0000-000000000001', 'b0000000-0000-0000-0000-000000000060'),
('a0000000-0000-0000-0000-000000000001', 'b0000000-0000-0000-0000-000000000061'),
('a0000000-0000-0000-0000-000000000002', 'b0000000-0000-0000-0000-000000000001'),
('a0000000-0000-0000-0000-000000000002', 'b0000000-0000-0000-0000-000000000010'),
('a0000000-0000-0000-0000-000000000002', 'b0000000-0000-0000-0000-000000000011'),
('a0000000-0000-0000-0000-000000000002', 'b0000000-0000-0000-0000-000000000020'),
('a0000000-0000-0000-0000-000000000002', 'b0000000-0000-0000-0000-000000000021'),
('a0000000-0000-0000-0000-000000000002', 'b0000000-0000-0000-0000-000000000030'),
('a0000000-0000-0000-0000-000000000002', 'b0000000-0000-0000-0000-000000000040'),
('a0000000-0000-0000-0000-000000000002', 'b0000000-0000-0000-0000-000000000050'),
('a0000000-0000-0000-0000-000000000002', 'b0000000-0000-0000-0000-000000000061'),
('a0000000-0000-0000-0000-000000000003', 'b0000000-0000-0000-0000-000000000001'),
('a0000000-0000-0000-0000-000000000003', 'b0000000-0000-0000-0000-000000000010'),
('a0000000-0000-0000-0000-000000000003', 'b0000000-0000-0000-0000-000000000020'),
('a0000000-0000-0000-0000-000000000003', 'b0000000-0000-0000-0000-000000000030'),
('a0000000-0000-0000-0000-000000000003', 'b0000000-0000-0000-0000-000000000040'),
('a0000000-0000-0000-0000-000000000003', 'b0000000-0000-0000-0000-000000000050');

INSERT INTO feature_gates (id, gate_key, gate_name, gate_type, required_plan, description, config) VALUES
('c0000000-0000-0000-0000-000000000001', 'gate:monitor:add', '添加监控商品', 'limit', 'free', 'Free最多3个', '{"free": 3, "pro": 50, "premium": -1, "enterprise": -1}'),
('c0000000-0000-0000-0000-000000000002', 'gate:monitor:auto_refresh', '自动定时采集', 'feature', 'pro', 'Pro及以上支持', '{}'),
('c0000000-0000-0000-0000-000000000003', 'gate:monitor:history', '历史趋势对比', 'feature', 'pro', 'Pro及以上支持', '{}'),
('c0000000-0000-0000-0000-000000000004', 'gate:monitor:export', '数据导出', 'feature', 'pro', 'Pro及以上支持', '{}'),
('c0000000-0000-0000-0000-000000000005', 'gate:ai:basic_analysis', 'AI基础分析', 'feature', 'free', '基础文本描述', '{}'),
('c0000000-0000-0000-0000-000000000006', 'gate:ai:trend_score', 'AI趋势评分', 'feature', 'pro', '趋势评分+结构化分析', '{}'),
('c0000000-0000-0000-0000-000000000007', 'gate:ai:prediction', 'AI爆品预测', 'feature', 'premium', '爆品预测+多维评分', '{}'),
('c0000000-0000-0000-0000-000000000008', 'gate:ai:risk_warning', 'AI风险预警', 'feature', 'premium', '实时风险识别', '{}'),
('c0000000-0000-0000-0000-000000000009', 'gate:ai:report', 'AI报告生成', 'feature', 'pro', 'Pro及以上支持', '{}'),
('c0000000-0000-0000-0000-000000000010', 'gate:ai:batch_analysis', '批量AI分析', 'feature', 'premium', 'Premium及以上支持', '{}'),
('c0000000-0000-0000-0000-000000000011', 'gate:collect:cloud', '云端API采集', 'feature', 'pro', 'Pro及以上支持', '{}'),
('c0000000-0000-0000-0000-000000000012', 'gate:collect:shop_full', '店铺全量采集', 'feature', 'pro', 'Pro及以上支持', '{}'),
('c0000000-0000-0000-0000-000000000013', 'gate:collect:create', '创建采集任务', 'quota', 'free', '每日采集任务配额', '{"free": 10, "pro": 100, "premium": 500, "enterprise": -1}'),
('c0000000-0000-0000-0000-000000000014', 'gate:ai:daily_calls', 'AI分析每日调用', 'quota', 'free', 'AI分析每日调用次数', '{"free": 5, "pro": 50, "premium": -1, "enterprise": -1}'),
('c0000000-0000-0000-0000-000000000015', 'gate:monitor:frequency', '采集频率控制', 'feature', 'pro', 'Pro及以上可自定义采集频率', '{}'),
('c0000000-0000-0000-0000-000000000016', 'gate:monitor:concurrency', '并发控制', 'feature', 'pro', 'Pro及以上可调节并发数', '{}');
